{"open_to_close_hour": {"mean": 95.90196856520386, "std": 262.5754868829863}, "response_to_resolved_hour": {"mean": 70.41082321817616, "std": 217.11239323048156}}