{"open_to_close_hour": {"mean": 95.19261960326722, "std": 264.21816839738614}, "response_to_resolved_hour": {"mean": 71.93835083625049, "std": 224.20193515437524}}